{
    "photo_linear": {
        "K": [[2.27437163e+03, 0.0, 2.78599839e+03],
        [0.0, 2.26778978e+03, 2.43566662e+03],
        [0.0, 0.0, 1.0]], 
        "D": [[ 2.58530987e-02, -3.93644636e-02, -3.73699642e-05, 
        2.22695924e-04,  2.16061178e-02]], 
        "DIM": [0, 0], 
        "R": 0.0 
    },
    "photo_fisheye": {
        "K": [[2.49869798e+03, 0.00000000e+00, 2.77389781e+03],
        [0.00000000e+00, 2.49749400e+03, 2.42723503e+03],
        [0.00000000e+00, 0.00000000e+00, 1.00000000e+00]], 
        "D": [[-0.26189899,  0.08908975, -0.0015667,  -0.00032891, -0.01505716]], 
        "DIM": [5568, 4872], 
        "R": 0.4541596721371593
    },
    "video_fisheye": {
        "K": [[891.9869853, 0.0, 966.59348514],
        [0.0,  894.72912966, 505.49394362],
        [0.0, 0.0, 1.0]], 
        "D": [[-0.27101877,  0.11453252,  0.00214186,  0.00048382, -0.02538155]], 
        "DIM": [1920, 1080], 
        "R": 0.2824311808669498
    }
}